FRAME,BODY_PARTS,X Coordinate,Y Coordinate,Z Coordinate
1,Nose,341,54,0
1,Neck,341,137,0
1,RShoulder,279,164,0
1,RElbow,248,247,0
1,RWrist,279,329,0
1,LShoulder,403,164,0
1,LElbow,434,247,0
1,LWrist,403,329,0
1,RHip,279,302,0
1,RKnee,248,384,0
1,RAnkle,279,522,0
1,LHip,372,302,0
1,LKnee,372,412,0
1,LAnkle,372,522,0
1,REye,341,247,0
2,Nose,341,109,0
2,Neck,341,192,0
2,RShoulder,279,219,0
2,RElbow,248,302,0
2,RWrist,310,329,0
2,LShoulder,403,219,0
2,LElbow,434,302,0
2,LWrist,372,302,0
2,RHip,310,329,0
2,RKnee,279,412,0
2,RAnkle,279,522,0
2,LHip,372,329,0
2,LKnee,372,439,0
2,LAnkle,403,549,0
2,REye,341,274,0
3,Nose,341,109,0
3,Neck,341,192,0
3,RShoulder,279,219,0
3,RElbow,248,302,0
3,RWrist,310,329,0
3,LShoulder,403,219,0
3,LElbow,434,302,0
3,LWrist,372,302,0
3,RHip,310,329,0
3,RKnee,279,412,0
3,RAnkle,279,522,0
3,LHip,372,329,0
3,LKnee,372,439,0
3,LAnkle,403,549,0
3,REye,341,274,0
4,Nose,341,109,0
4,Neck,341,192,0
4,RShoulder,279,247,0
4,RElbow,279,302,0
4,RWrist,310,329,0
4,LShoulder,403,219,0
4,LElbow,403,302,0
4,LWrist,372,329,0
4,RHip,310,357,0
4,RKnee,279,439,0
4,RAnkle,279,549,0
4,LHip,372,357,0
4,LKnee,372,439,0
4,LAnkle,372,549,0
4,REye,341,302,0
5,Nose,341,82,0
5,Neck,341,192,0
5,RShoulder,279,192,0
5,RElbow,248,274,0
5,RWrist,279,357,0
5,LShoulder,403,192,0
5,LElbow,434,274,0
5,LWrist,403,329,0
5,RHip,310,357,0
5,RKnee,279,467,0
5,RAnkle,279,549,0
5,LHip,372,357,0
5,LKnee,372,467,0
5,LAnkle,372,549,0
5,REye,341,274,0
6,Nose,0,0,0
6,Neck,341,109,0
6,RShoulder,279,137,0
6,RElbow,279,219,0
6,RWrist,0,0,0
6,LShoulder,372,137,0
6,LElbow,403,192,0
6,LWrist,0,0,0
6,RHip,0,0,0
6,RKnee,0,0,0
6,RAnkle,0,0,0
6,LHip,0,0,0
6,LKnee,0,0,0
6,LAnkle,0,0,0
6,REye,341,192,0
7,Nose,341,0,0
7,Neck,341,82,0
7,RShoulder,279,109,0
7,RElbow,248,192,0
7,RWrist,217,219,0
7,LShoulder,403,109,0
7,LElbow,434,192,0
7,LWrist,434,247,0
7,RHip,310,247,0
7,RKnee,279,384,0
7,RAnkle,279,494,0
7,LHip,372,247,0
7,LKnee,372,384,0
7,LAnkle,372,494,0
7,REye,341,192,0
8,Nose,341,0,0
8,Neck,341,54,0
8,RShoulder,279,82,0
8,RElbow,248,137,0
8,RWrist,217,192,0
8,LShoulder,403,82,0
8,LElbow,434,164,0
8,LWrist,434,219,0
8,RHip,310,247,0
8,RKnee,279,384,0
8,RAnkle,279,522,0
8,LHip,372,247,0
8,LKnee,372,357,0
8,LAnkle,403,494,0
8,REye,341,164,0
9,Nose,341,0,0
9,Neck,341,82,0
9,RShoulder,279,109,0
9,RElbow,248,164,0
9,RWrist,217,219,0
9,LShoulder,403,109,0
9,LElbow,434,192,0
9,LWrist,434,247,0
9,RHip,279,247,0
9,RKnee,279,384,0
9,RAnkle,279,522,0
9,LHip,372,247,0
9,LKnee,372,384,0
9,LAnkle,403,494,0
9,REye,341,164,0
10,Nose,310,54,0
10,Neck,341,137,0
10,RShoulder,279,164,0
10,RElbow,248,219,0
10,RWrist,310,274,0
10,LShoulder,372,137,0
10,LElbow,434,219,0
10,LWrist,434,302,0
10,RHip,279,302,0
10,RKnee,279,439,0
10,RAnkle,279,549,0
10,LHip,341,302,0
10,LKnee,372,412,0
10,LAnkle,372,549,0
10,REye,341,219,0
11,Nose,341,137,0
11,Neck,341,219,0
11,RShoulder,279,247,0
11,RElbow,248,329,0
11,RWrist,310,357,0
11,LShoulder,372,247,0
11,LElbow,403,302,0
11,LWrist,403,329,0
11,RHip,310,384,0
11,RKnee,0,0,0
11,RAnkle,0,0,0
11,LHip,341,384,0
11,LKnee,0,0,0
11,LAnkle,0,0,0
11,REye,341,329,0
12,Nose,0,0,0
12,Neck,0,0,0
12,RShoulder,0,0,0
12,RElbow,0,0,0
12,RWrist,0,0,0
12,LShoulder,0,0,0
12,LElbow,0,0,0
12,LWrist,0,0,0
12,RHip,0,0,0
12,RKnee,0,0,0
12,RAnkle,0,0,0
12,LHip,0,0,0
12,LKnee,0,0,0
12,LAnkle,0,0,0
12,REye,0,0,0
13,Nose,0,0,0
13,Neck,0,0,0
13,RShoulder,0,0,0
13,RElbow,0,0,0
13,RWrist,0,0,0
13,LShoulder,0,0,0
13,LElbow,0,0,0
13,LWrist,0,0,0
13,RHip,0,0,0
13,RKnee,0,0,0
13,RAnkle,0,0,0
13,LHip,0,0,0
13,LKnee,0,0,0
13,LAnkle,0,0,0
13,REye,0,0,0
14,Nose,310,164,0
14,Neck,341,247,0
14,RShoulder,279,274,0
14,RElbow,248,329,0
14,RWrist,310,357,0
14,LShoulder,403,274,0
14,LElbow,403,329,0
14,LWrist,372,357,0
14,RHip,279,384,0
14,RKnee,279,467,0
14,RAnkle,279,549,0
14,LHip,341,384,0
14,LKnee,372,467,0
14,LAnkle,403,577,0
14,REye,341,329,0
15,Nose,341,109,0
15,Neck,341,192,0
15,RShoulder,279,219,0
15,RElbow,248,302,0
15,RWrist,279,357,0
15,LShoulder,403,219,0
15,LElbow,403,274,0
15,LWrist,403,329,0
15,RHip,310,329,0
15,RKnee,310,384,0
15,RAnkle,0,0,0
15,LHip,341,357,0
15,LKnee,372,357,0
15,LAnkle,0,0,0
15,REye,341,274,0
16,Nose,341,27,0
16,Neck,341,109,0
16,RShoulder,279,137,0
16,RElbow,248,219,0
16,RWrist,217,302,0
16,LShoulder,372,137,0
16,LElbow,403,219,0
16,LWrist,434,274,0
16,RHip,279,302,0
16,RKnee,279,412,0
16,RAnkle,279,549,0
16,LHip,372,274,0
16,LKnee,372,412,0
16,LAnkle,372,522,0
16,REye,341,219,0
17,Nose,341,0,0
17,Neck,310,82,0
17,RShoulder,279,109,0
17,RElbow,217,192,0
17,RWrist,248,247,0
17,LShoulder,403,109,0
17,LElbow,434,192,0
17,LWrist,434,247,0
17,RHip,310,247,0
17,RKnee,279,384,0
17,RAnkle,248,494,0
17,LHip,372,247,0
17,LKnee,372,384,0
17,LAnkle,372,494,0
17,REye,341,164,0
18,Nose,341,0,0
18,Neck,341,54,0
18,RShoulder,279,82,0
18,RElbow,248,137,0
18,RWrist,217,192,0
18,LShoulder,403,82,0
18,LElbow,434,164,0
18,LWrist,434,219,0
18,RHip,279,247,0
18,RKnee,279,384,0
18,RAnkle,279,494,0
18,LHip,372,247,0
18,LKnee,372,384,0
18,LAnkle,372,494,0
18,REye,341,164,0
19,Nose,341,0,0
19,Neck,341,109,0
19,RShoulder,279,109,0
19,RElbow,248,192,0
19,RWrist,217,247,0
19,LShoulder,403,137,0
19,LElbow,434,192,0
19,LWrist,434,274,0
19,RHip,279,274,0
19,RKnee,279,412,0
19,RAnkle,279,522,0
19,LHip,372,274,0
19,LKnee,372,412,0
19,LAnkle,372,522,0
19,REye,341,192,0
20,Nose,341,54,0
20,Neck,341,137,0
20,RShoulder,279,164,0
20,RElbow,248,247,0
20,RWrist,217,329,0
20,LShoulder,403,164,0
20,LElbow,403,219,0
20,LWrist,434,302,0
20,RHip,279,302,0
20,RKnee,279,439,0
20,RAnkle,279,549,0
20,LHip,372,302,0
20,LKnee,372,439,0
20,LAnkle,372,549,0
20,REye,341,219,0
21,Nose,341,109,0
21,Neck,341,192,0
21,RShoulder,279,247,0
21,RElbow,248,302,0
21,RWrist,248,357,0
21,LShoulder,403,247,0
21,LElbow,403,302,0
21,LWrist,403,357,0
21,RHip,310,384,0
21,RKnee,279,467,0
21,RAnkle,279,549,0
21,LHip,372,384,0
21,LKnee,372,467,0
21,LAnkle,403,549,0
21,REye,341,302,0
22,Nose,0,0,0
22,Neck,0,0,0
22,RShoulder,0,0,0
22,RElbow,0,0,0
22,RWrist,0,0,0
22,LShoulder,0,0,0
22,LElbow,0,0,0
22,LWrist,0,0,0
22,RHip,0,0,0
22,RKnee,0,0,0
22,RAnkle,0,0,0
22,LHip,0,0,0
22,LKnee,0,0,0
22,LAnkle,0,0,0
22,REye,0,0,0
23,Nose,341,192,0
23,Neck,341,274,0
23,RShoulder,279,302,0
23,RElbow,279,384,0
23,RWrist,341,329,0
23,LShoulder,372,302,0
23,LElbow,403,357,0
23,LWrist,341,357,0
23,RHip,310,412,0
23,RKnee,279,467,0
23,RAnkle,279,549,0
23,LHip,372,412,0
23,LKnee,372,467,0
23,LAnkle,372,522,0
23,REye,341,357,0
24,Nose,341,164,0
24,Neck,341,247,0
24,RShoulder,279,274,0
24,RElbow,248,329,0
24,RWrist,279,357,0
24,LShoulder,372,274,0
24,LElbow,403,329,0
24,LWrist,372,357,0
24,RHip,279,384,0
24,RKnee,279,467,0
24,RAnkle,279,549,0
24,LHip,341,384,0
24,LKnee,372,439,0
24,LAnkle,372,522,0
24,REye,341,329,0
25,Nose,341,109,0
25,Neck,341,192,0
25,RShoulder,279,219,0
25,RElbow,248,302,0
25,RWrist,248,357,0
25,LShoulder,403,219,0
25,LElbow,403,302,0
25,LWrist,372,357,0
25,RHip,279,329,0
25,RKnee,279,412,0
25,RAnkle,279,467,0
25,LHip,341,357,0
25,LKnee,372,412,0
25,LAnkle,372,467,0
25,REye,341,274,0
26,Nose,310,54,0
26,Neck,341,137,0
26,RShoulder,279,164,0
26,RElbow,248,247,0
26,RWrist,217,329,0
26,LShoulder,403,164,0
26,LElbow,403,247,0
26,LWrist,434,302,0
26,RHip,310,302,0
26,RKnee,279,439,0
26,RAnkle,279,549,0
26,LHip,372,302,0
26,LKnee,372,439,0
26,LAnkle,372,522,0
26,REye,341,247,0
27,Nose,341,0,0
27,Neck,341,54,0
27,RShoulder,279,82,0
27,RElbow,248,164,0
27,RWrist,217,219,0
27,LShoulder,403,82,0
27,LElbow,434,164,0
27,LWrist,434,219,0
27,RHip,279,247,0
27,RKnee,279,357,0
27,RAnkle,248,494,0
27,LHip,341,247,0
27,LKnee,372,357,0
27,LAnkle,403,494,0
27,REye,310,164,0
28,Nose,310,0,0
28,Neck,341,54,0
28,RShoulder,279,82,0
28,RElbow,248,137,0
28,RWrist,217,192,0
28,LShoulder,403,82,0
28,LElbow,403,137,0
28,LWrist,434,219,0
28,RHip,279,219,0
28,RKnee,279,357,0
28,RAnkle,248,494,0
28,LHip,341,247,0
28,LKnee,372,357,0
28,LAnkle,372,494,0
28,REye,341,164,0
29,Nose,341,0,0
29,Neck,341,82,0
29,RShoulder,279,109,0
29,RElbow,248,164,0
29,RWrist,217,219,0
29,LShoulder,403,109,0
29,LElbow,434,192,0
29,LWrist,434,247,0
29,RHip,279,247,0
29,RKnee,279,384,0
29,RAnkle,279,522,0
29,LHip,341,247,0
29,LKnee,372,412,0
29,LAnkle,372,522,0
29,REye,310,192,0
30,Nose,341,27,0
30,Neck,341,109,0
30,RShoulder,279,137,0
30,RElbow,217,219,0
30,RWrist,217,302,0
30,LShoulder,372,137,0
30,LElbow,434,219,0
30,LWrist,434,302,0
30,RHip,279,302,0
30,RKnee,279,412,0
30,RAnkle,279,549,0
30,LHip,372,302,0
30,LKnee,372,412,0
30,LAnkle,372,549,0
30,REye,341,219,0
31,Nose,0,0,0
31,Neck,0,0,0
31,RShoulder,0,0,0
31,RElbow,0,0,0
31,RWrist,0,0,0
31,LShoulder,0,0,0
31,LElbow,0,0,0
31,LWrist,0,0,0
31,RHip,0,0,0
31,RKnee,0,0,0
31,RAnkle,0,0,0
31,LHip,0,0,0
31,LKnee,0,0,0
31,LAnkle,0,0,0
31,REye,0,0,0
32,Nose,0,0,0
32,Neck,0,0,0
32,RShoulder,0,0,0
32,RElbow,0,0,0
32,RWrist,0,0,0
32,LShoulder,0,0,0
32,LElbow,0,0,0
32,LWrist,0,0,0
32,RHip,0,0,0
32,RKnee,0,0,0
32,RAnkle,0,0,0
32,LHip,0,0,0
32,LKnee,0,0,0
32,LAnkle,0,0,0
32,REye,0,0,0
33,Nose,310,192,0
33,Neck,341,274,0
33,RShoulder,279,302,0
33,RElbow,279,384,0
33,RWrist,341,329,0
33,LShoulder,372,302,0
33,LElbow,403,357,0
33,LWrist,465,329,0
33,RHip,310,412,0
33,RKnee,279,439,0
33,RAnkle,279,549,0
33,LHip,372,412,0
33,LKnee,372,467,0
33,LAnkle,372,522,0
33,REye,341,357,0
34,Nose,310,192,0
34,Neck,341,274,0
34,RShoulder,279,274,0
34,RElbow,248,357,0
34,RWrist,310,329,0
34,LShoulder,372,274,0
34,LElbow,403,357,0
34,LWrist,341,329,0
34,RHip,279,412,0
34,RKnee,279,467,0
34,RAnkle,279,549,0
34,LHip,341,412,0
34,LKnee,372,439,0
34,LAnkle,372,522,0
34,REye,341,329,0
35,Nose,341,164,0
35,Neck,341,219,0
35,RShoulder,279,247,0
35,RElbow,248,329,0
35,RWrist,279,357,0
35,LShoulder,403,247,0
35,LElbow,403,329,0
35,LWrist,341,357,0
35,RHip,310,384,0
35,RKnee,279,439,0
35,RAnkle,279,549,0
35,LHip,372,384,0
35,LKnee,372,467,0
35,LAnkle,372,522,0
35,REye,341,302,0
36,Nose,310,54,0
36,Neck,341,164,0
36,RShoulder,279,164,0
36,RElbow,248,247,0
36,RWrist,217,329,0
36,LShoulder,403,192,0
36,LElbow,403,247,0
36,LWrist,434,329,0
36,RHip,310,329,0
36,RKnee,279,439,0
36,RAnkle,279,549,0
36,LHip,372,329,0
36,LKnee,372,439,0
36,LAnkle,372,522,0
36,REye,341,247,0
37,Nose,341,0,0
37,Neck,341,82,0
37,RShoulder,279,109,0
37,RElbow,217,247,0
37,RWrist,217,247,0
37,LShoulder,403,109,0
37,LElbow,434,192,0
37,LWrist,434,247,0
37,RHip,279,274,0
37,RKnee,279,384,0
37,RAnkle,279,522,0
37,LHip,372,274,0
37,LKnee,372,384,0
37,LAnkle,372,467,0
37,REye,341,192,0
38,Nose,341,0,0
38,Neck,341,54,0
38,RShoulder,279,82,0
38,RElbow,248,164,0
38,RWrist,217,192,0
38,LShoulder,403,82,0
38,LElbow,434,192,0
38,LWrist,434,247,0
38,RHip,310,247,0
38,RKnee,279,357,0
38,RAnkle,279,494,0
38,LHip,372,247,0
38,LKnee,372,357,0
38,LAnkle,403,494,0
38,REye,341,164,0
39,Nose,341,0,0
39,Neck,341,54,0
39,RShoulder,279,82,0
39,RElbow,248,137,0
39,RWrist,217,192,0
39,LShoulder,403,82,0
39,LElbow,434,164,0
39,LWrist,434,192,0
39,RHip,310,219,0
39,RKnee,279,302,0
39,RAnkle,310,384,0
39,LHip,372,219,0
39,LKnee,372,302,0
39,LAnkle,372,412,0
39,REye,341,164,0
40,Nose,341,0,0
40,Neck,341,82,0
40,RShoulder,279,109,0
40,RElbow,248,192,0
40,RWrist,217,247,0
40,LShoulder,403,109,0
40,LElbow,434,192,0
40,LWrist,434,247,0
40,RHip,310,247,0
40,RKnee,248,302,0
40,RAnkle,279,412,0
40,LHip,372,247,0
40,LKnee,372,384,0
40,LAnkle,403,522,0
40,REye,341,192,0
41,Nose,310,54,0
41,Neck,341,164,0
41,RShoulder,279,164,0
41,RElbow,248,247,0
41,RWrist,217,329,0
41,LShoulder,403,192,0
41,LElbow,434,247,0
41,LWrist,434,329,0
41,RHip,310,329,0
41,RKnee,279,439,0
41,RAnkle,279,549,0
41,LHip,372,329,0
41,LKnee,372,439,0
41,LAnkle,403,549,0
41,REye,341,247,0
42,Nose,341,137,0
42,Neck,341,247,0
42,RShoulder,279,274,0
42,RElbow,248,357,0
42,RWrist,279,357,0
42,LShoulder,403,274,0
42,LElbow,434,357,0
42,LWrist,372,357,0
42,RHip,310,384,0
42,RKnee,279,467,0
42,RAnkle,279,549,0
42,LHip,372,384,0
42,LKnee,372,439,0
42,LAnkle,372,494,0
42,REye,341,329,0
43,Nose,0,0,0
43,Neck,0,0,0
43,RShoulder,0,0,0
43,RElbow,0,0,0
43,RWrist,0,0,0
43,LShoulder,0,0,0
43,LElbow,0,0,0
43,LWrist,0,0,0
43,RHip,0,0,0
43,RKnee,0,0,0
43,RAnkle,0,0,0
43,LHip,0,0,0
43,LKnee,0,0,0
43,LAnkle,0,0,0
43,REye,0,0,0
44,Nose,341,192,0
44,Neck,341,274,0
44,RShoulder,279,274,0
44,RElbow,279,357,0
44,RWrist,310,329,0
44,LShoulder,372,274,0
44,LElbow,403,357,0
44,LWrist,341,329,0
44,RHip,310,412,0
44,RKnee,310,467,0
44,RAnkle,279,549,0
44,LHip,372,412,0
44,LKnee,372,467,0
44,LAnkle,372,522,0
44,REye,341,357,0
45,Nose,341,164,0
45,Neck,341,247,0
45,RShoulder,279,274,0
45,RElbow,248,357,0
45,RWrist,310,357,0
45,LShoulder,403,274,0
45,LElbow,403,357,0
45,LWrist,341,329,0
45,RHip,310,384,0
45,RKnee,310,467,0
45,RAnkle,279,549,0
45,LHip,372,384,0
45,LKnee,372,467,0
45,LAnkle,372,467,0
45,REye,341,329,0
46,Nose,341,109,0
46,Neck,341,192,0
46,RShoulder,279,219,0
46,RElbow,248,302,0
46,RWrist,248,357,0
46,LShoulder,403,219,0
46,LElbow,403,302,0
46,LWrist,403,357,0
46,RHip,310,357,0
46,RKnee,310,439,0
46,RAnkle,310,549,0
46,LHip,372,357,0
46,LKnee,372,439,0
46,LAnkle,372,522,0
46,REye,341,274,0
47,Nose,341,27,0
47,Neck,341,109,0
47,RShoulder,279,137,0
47,RElbow,279,219,0
47,RWrist,341,247,0
47,LShoulder,403,137,0
47,LElbow,434,219,0
47,LWrist,434,274,0
47,RHip,310,274,0
47,RKnee,279,412,0
47,RAnkle,279,522,0
47,LHip,372,302,0
47,LKnee,372,412,0
47,LAnkle,403,522,0
47,REye,341,219,0
48,Nose,341,0,0
48,Neck,341,82,0
48,RShoulder,279,109,0
48,RElbow,248,192,0
48,RWrist,248,219,0
48,LShoulder,403,109,0
48,LElbow,434,164,0
48,LWrist,434,219,0
48,RHip,310,247,0
48,RKnee,279,357,0
48,RAnkle,279,467,0
48,LHip,372,247,0
48,LKnee,372,357,0
48,LAnkle,372,467,0
48,REye,341,164,0
49,Nose,341,0,0
49,Neck,341,54,0
49,RShoulder,279,82,0
49,RElbow,248,137,0
49,RWrist,248,164,0
49,LShoulder,403,82,0
49,LElbow,434,137,0
49,LWrist,434,192,0
49,RHip,310,219,0
49,RKnee,279,357,0
49,RAnkle,279,494,0
49,LHip,372,219,0
49,LKnee,372,357,0
49,LAnkle,403,494,0
49,REye,341,164,0
50,Nose,341,0,0
50,Neck,341,82,0
50,RShoulder,279,109,0
50,RElbow,248,192,0
50,RWrist,217,219,0
50,LShoulder,403,109,0
50,LElbow,434,192,0
50,LWrist,434,247,0
50,RHip,310,274,0
50,RKnee,310,384,0
50,RAnkle,310,494,0
50,LHip,372,274,0
50,LKnee,372,384,0
50,LAnkle,403,522,0
50,REye,341,192,0
51,Nose,341,27,0
51,Neck,341,109,0
51,RShoulder,279,137,0
51,RElbow,248,219,0
51,RWrist,248,302,0
51,LShoulder,403,137,0
51,LElbow,434,219,0
51,LWrist,434,302,0
51,RHip,310,302,0
51,RKnee,279,439,0
51,RAnkle,279,549,0
51,LHip,372,302,0
51,LKnee,372,412,0
51,LAnkle,403,549,0
51,REye,341,219,0
52,Nose,341,109,0
52,Neck,341,192,0
52,RShoulder,279,247,0
52,RElbow,248,302,0
52,RWrist,279,384,0
52,LShoulder,403,247,0
52,LElbow,403,329,0
52,LWrist,403,384,0
52,RHip,310,384,0
52,RKnee,279,439,0
52,RAnkle,279,549,0
52,LHip,372,357,0
52,LKnee,372,439,0
52,LAnkle,372,522,0
52,REye,341,302,0
53,Nose,341,164,0
53,Neck,341,247,0
53,RShoulder,279,274,0
53,RElbow,248,329,0
53,RWrist,279,357,0
53,LShoulder,403,274,0
53,LElbow,403,329,0
53,LWrist,372,357,0
53,RHip,310,384,0
53,RKnee,279,439,0
53,RAnkle,0,0,0
53,LHip,341,412,0
53,LKnee,372,439,0
53,LAnkle,341,439,0
53,REye,341,329,0
54,Nose,341,192,0
54,Neck,341,274,0
54,RShoulder,279,274,0
54,RElbow,248,357,0
54,RWrist,310,329,0
54,LShoulder,403,302,0
54,LElbow,403,357,0
54,LWrist,341,329,0
54,RHip,310,412,0
54,RKnee,279,467,0
54,RAnkle,279,549,0
54,LHip,372,412,0
54,LKnee,372,467,0
54,LAnkle,372,522,0
54,REye,341,357,0
55,Nose,341,192,0
55,Neck,341,274,0
55,RShoulder,279,274,0
55,RElbow,279,357,0
55,RWrist,310,329,0
55,LShoulder,403,274,0
55,LElbow,403,357,0
55,LWrist,341,329,0
55,RHip,310,412,0
55,RKnee,279,467,0
55,RAnkle,279,549,0
55,LHip,372,412,0
55,LKnee,372,467,0
55,LAnkle,372,522,0
55,REye,341,357,0
56,Nose,341,164,0
56,Neck,341,247,0
56,RShoulder,279,274,0
56,RElbow,248,329,0
56,RWrist,310,357,0
56,LShoulder,403,274,0
56,LElbow,403,329,0
56,LWrist,341,357,0
56,RHip,310,384,0
56,RKnee,279,439,0
56,RAnkle,279,549,0
56,LHip,372,384,0
56,LKnee,372,439,0
56,LAnkle,372,522,0
56,REye,341,329,0
57,Nose,341,82,0
57,Neck,341,164,0
57,RShoulder,279,192,0
57,RElbow,248,274,0
57,RWrist,248,357,0
57,LShoulder,403,192,0
57,LElbow,403,274,0
57,LWrist,434,357,0
57,RHip,310,329,0
57,RKnee,279,439,0
57,RAnkle,279,549,0
57,LHip,372,329,0
57,LKnee,372,439,0
57,LAnkle,372,494,0
57,REye,341,274,0
58,Nose,341,54,0
58,Neck,341,137,0
58,RShoulder,279,164,0
58,RElbow,248,219,0
58,RWrist,248,302,0
58,LShoulder,403,164,0
58,LElbow,434,247,0
58,LWrist,434,302,0
58,RHip,310,302,0
58,RKnee,279,412,0
58,RAnkle,279,522,0
58,LHip,372,302,0
58,LKnee,372,412,0
58,LAnkle,403,467,0
58,REye,341,219,0
59,Nose,341,0,0
59,Neck,341,82,0
59,RShoulder,279,109,0
59,RElbow,248,164,0
59,RWrist,217,219,0
59,LShoulder,403,109,0
59,LElbow,434,192,0
59,LWrist,434,219,0
59,RHip,310,247,0
59,RKnee,279,357,0
59,RAnkle,279,467,0
59,LHip,372,247,0
59,LKnee,372,357,0
59,LAnkle,403,494,0
59,REye,341,164,0
60,Nose,341,0,0
60,Neck,341,54,0
60,RShoulder,279,82,0
60,RElbow,248,137,0
60,RWrist,248,164,0
60,LShoulder,403,82,0
60,LElbow,434,137,0
60,LWrist,434,192,0
60,RHip,310,219,0
60,RKnee,279,357,0
60,RAnkle,279,494,0
60,LHip,372,219,0
60,LKnee,372,357,0
60,LAnkle,403,494,0
60,REye,341,137,0
61,Nose,341,0,0
61,Neck,341,82,0
61,RShoulder,279,109,0
61,RElbow,248,164,0
61,RWrist,248,219,0
61,LShoulder,403,109,0
61,LElbow,434,192,0
61,LWrist,434,247,0
61,RHip,310,247,0
61,RKnee,279,384,0
61,RAnkle,279,494,0
61,LHip,372,247,0
61,LKnee,372,384,0
61,LAnkle,403,522,0
61,REye,341,164,0
62,Nose,341,54,0
62,Neck,341,164,0
62,RShoulder,279,192,0
62,RElbow,248,247,0
62,RWrist,217,329,0
62,LShoulder,403,164,0
62,LElbow,434,247,0
62,LWrist,434,302,0
62,RHip,310,329,0
62,RKnee,279,439,0
62,RAnkle,279,549,0
62,LHip,372,329,0
62,LKnee,372,439,0
62,LAnkle,403,549,0
62,REye,341,247,0
63,Nose,341,109,0
63,Neck,341,192,0
63,RShoulder,279,219,0
63,RElbow,248,302,0
63,RWrist,248,357,0
63,LShoulder,403,219,0
63,LElbow,434,302,0
63,LWrist,434,357,0
63,RHip,310,357,0
63,RKnee,279,467,0
63,RAnkle,279,577,0
63,LHip,372,357,0
63,LKnee,372,467,0
63,LAnkle,403,549,0
63,REye,341,274,0
64,Nose,310,192,0
64,Neck,341,274,0
64,RShoulder,279,302,0
64,RElbow,248,357,0
64,RWrist,310,357,0
64,LShoulder,403,274,0
64,LElbow,403,357,0
64,LWrist,372,357,0
64,RHip,310,384,0
64,RKnee,279,439,0
64,RAnkle,279,549,0
64,LHip,372,384,0
64,LKnee,372,439,0
64,LAnkle,372,467,0
64,REye,341,357,0
65,Nose,341,192,0
65,Neck,341,274,0
65,RShoulder,279,302,0
65,RElbow,279,384,0
65,RWrist,341,329,0
65,LShoulder,403,302,0
65,LElbow,403,384,0
65,LWrist,465,329,0
65,RHip,310,412,0
65,RKnee,279,467,0
65,RAnkle,279,549,0
65,LHip,372,412,0
65,LKnee,372,467,0
65,LAnkle,403,549,0
65,REye,341,357,0
66,Nose,310,192,0
66,Neck,341,274,0
66,RShoulder,279,302,0
66,RElbow,279,384,0
66,RWrist,341,329,0
66,LShoulder,403,302,0
66,LElbow,434,384,0
66,LWrist,465,329,0
66,RHip,310,412,0
66,RKnee,279,467,0
66,RAnkle,279,549,0
66,LHip,372,412,0
66,LKnee,372,467,0
66,LAnkle,403,549,0
66,REye,341,357,0
67,Nose,341,137,0
67,Neck,341,219,0
67,RShoulder,279,247,0
67,RElbow,248,329,0
67,RWrist,279,412,0
67,LShoulder,403,247,0
67,LElbow,403,329,0
67,LWrist,372,384,0
67,RHip,310,384,0
67,RKnee,310,439,0
67,RAnkle,279,549,0
67,LHip,372,357,0
67,LKnee,372,439,0
67,LAnkle,403,494,0
67,REye,341,302,0
68,Nose,341,82,0
68,Neck,341,192,0
68,RShoulder,279,219,0
68,RElbow,248,302,0
68,RWrist,248,357,0
68,LShoulder,403,219,0
68,LElbow,434,302,0
68,LWrist,434,384,0
68,RHip,310,357,0
68,RKnee,310,439,0
68,RAnkle,279,549,0
68,LHip,372,357,0
68,LKnee,372,439,0
68,LAnkle,372,522,0
68,REye,341,274,0
69,Nose,341,54,0
69,Neck,341,109,0
69,RShoulder,279,164,0
69,RElbow,248,219,0
69,RWrist,217,302,0
69,LShoulder,403,164,0
69,LElbow,434,219,0
69,LWrist,434,302,0
69,RHip,310,302,0
69,RKnee,279,412,0
69,RAnkle,279,522,0
69,LHip,372,302,0
69,LKnee,372,412,0
69,LAnkle,403,522,0
69,REye,341,219,0
70,Nose,341,0,0
70,Neck,341,54,0
70,RShoulder,279,82,0
70,RElbow,248,137,0
70,RWrist,248,164,0
70,LShoulder,403,82,0
70,LElbow,434,164,0
70,LWrist,434,192,0
70,RHip,310,247,0
70,RKnee,279,357,0
70,RAnkle,248,522,0
70,LHip,372,247,0
70,LKnee,372,384,0
70,LAnkle,403,522,0
70,REye,341,164,0
71,Nose,341,0,0
71,Neck,341,54,0
71,RShoulder,279,82,0
71,RElbow,248,137,0
71,RWrist,248,164,0
71,LShoulder,403,82,0
71,LElbow,434,137,0
71,LWrist,434,164,0
71,RHip,310,219,0
71,RKnee,279,357,0
71,RAnkle,279,494,0
71,LHip,372,219,0
71,LKnee,403,384,0
71,LAnkle,403,494,0
71,REye,341,164,0
72,Nose,341,0,0
72,Neck,341,82,0
72,RShoulder,279,109,0
72,RElbow,248,164,0
72,RWrist,217,219,0
72,LShoulder,403,109,0
72,LElbow,434,164,0
72,LWrist,434,219,0
72,RHip,310,247,0
72,RKnee,279,384,0
72,RAnkle,279,522,0
72,LHip,372,247,0
72,LKnee,372,412,0
72,LAnkle,403,522,0
72,REye,341,192,0
73,Nose,341,54,0
73,Neck,341,109,0
73,RShoulder,279,137,0
73,RElbow,248,219,0
73,RWrist,217,274,0
73,LShoulder,403,137,0
73,LElbow,434,219,0
73,LWrist,434,302,0
73,RHip,310,302,0
73,RKnee,279,439,0
73,RAnkle,279,549,0
73,LHip,372,302,0
73,LKnee,372,439,0
73,LAnkle,403,549,0
73,REye,341,219,0
74,Nose,341,109,0
74,Neck,341,192,0
74,RShoulder,279,219,0
74,RElbow,248,302,0
74,RWrist,248,357,0
74,LShoulder,403,219,0
74,LElbow,434,302,0
74,LWrist,434,357,0
74,RHip,310,357,0
74,RKnee,279,439,0
74,RAnkle,279,549,0
74,LHip,372,357,0
74,LKnee,372,439,0
74,LAnkle,403,494,0
74,REye,341,274,0
75,Nose,310,192,0
75,Neck,341,274,0
75,RShoulder,279,302,0
75,RElbow,279,357,0
75,RWrist,310,384,0
75,LShoulder,403,274,0
75,LElbow,403,357,0
75,LWrist,341,329,0
75,RHip,310,412,0
75,RKnee,279,439,0
75,RAnkle,310,494,0
75,LHip,372,412,0
75,LKnee,341,439,0
75,LAnkle,372,439,0
75,REye,341,357,0
76,Nose,341,192,0
76,Neck,341,274,0
76,RShoulder,279,302,0
76,RElbow,279,384,0
76,RWrist,341,329,0
76,LShoulder,403,302,0
76,LElbow,403,357,0
76,LWrist,341,329,0
76,RHip,310,412,0
76,RKnee,279,467,0
76,RAnkle,279,549,0
76,LHip,372,412,0
76,LKnee,372,467,0
76,LAnkle,403,577,0
76,REye,341,357,0
77,Nose,341,192,0
77,Neck,341,274,0
77,RShoulder,279,302,0
77,RElbow,279,384,0
77,RWrist,310,357,0
77,LShoulder,372,302,0
77,LElbow,403,384,0
77,LWrist,341,329,0
77,RHip,310,412,0
77,RKnee,279,467,0
77,RAnkle,279,549,0
77,LHip,372,412,0
77,LKnee,372,467,0
77,LAnkle,372,522,0
77,REye,341,357,0
78,Nose,341,137,0
78,Neck,341,219,0
78,RShoulder,279,247,0
78,RElbow,248,329,0
78,RWrist,279,412,0
78,LShoulder,403,247,0
78,LElbow,403,329,0
78,LWrist,372,412,0
78,RHip,310,357,0
78,RKnee,279,439,0
78,RAnkle,279,549,0
78,LHip,372,357,0
78,LKnee,372,439,0
78,LAnkle,372,522,0
78,REye,341,302,0
79,Nose,341,109,0
79,Neck,341,192,0
79,RShoulder,279,219,0
79,RElbow,248,302,0
79,RWrist,248,357,0
79,LShoulder,403,219,0
79,LElbow,403,302,0
79,LWrist,434,357,0
79,RHip,310,357,0
79,RKnee,279,439,0
79,RAnkle,279,549,0
79,LHip,372,329,0
79,LKnee,372,439,0
79,LAnkle,372,522,0
79,REye,341,274,0
80,Nose,341,27,0
80,Neck,341,109,0
80,RShoulder,279,137,0
80,RElbow,248,192,0
80,RWrist,248,274,0
80,LShoulder,403,137,0
80,LElbow,434,219,0
80,LWrist,434,274,0
80,RHip,310,274,0
80,RKnee,279,384,0
80,RAnkle,279,522,0
80,LHip,372,274,0
80,LKnee,372,384,0
80,LAnkle,403,522,0
80,REye,341,192,0
81,Nose,341,0,0
81,Neck,341,82,0
81,RShoulder,279,82,0
81,RElbow,248,137,0
81,RWrist,248,192,0
81,LShoulder,403,109,0
81,LElbow,434,192,0
81,LWrist,434,219,0
81,RHip,310,247,0
81,RKnee,279,357,0
81,RAnkle,279,494,0
81,LHip,372,247,0
81,LKnee,372,384,0
81,LAnkle,403,522,0
81,REye,341,164,0
82,Nose,341,0,0
82,Neck,341,54,0
82,RShoulder,279,82,0
82,RElbow,248,109,0
82,RWrist,248,164,0
82,LShoulder,403,82,0
82,LElbow,434,137,0
82,LWrist,403,164,0
82,RHip,310,219,0
82,RKnee,279,357,0
82,RAnkle,279,494,0
82,LHip,372,219,0
82,LKnee,372,357,0
82,LAnkle,403,494,0
82,REye,341,137,0
83,Nose,341,0,0
83,Neck,341,82,0
83,RShoulder,279,109,0
83,RElbow,248,192,0
83,RWrist,217,219,0
83,LShoulder,403,109,0
83,LElbow,434,219,0
83,LWrist,465,302,0
83,RHip,310,274,0
83,RKnee,279,384,0
83,RAnkle,279,522,0
83,LHip,372,274,0
83,LKnee,372,412,0
83,LAnkle,403,522,0
83,REye,341,192,0
84,Nose,310,54,0
84,Neck,341,137,0
84,RShoulder,279,164,0
84,RElbow,248,247,0
84,RWrist,217,302,0
84,LShoulder,403,164,0
84,LElbow,434,219,0
84,LWrist,434,302,0
84,RHip,310,302,0
84,RKnee,279,439,0
84,RAnkle,279,549,0
84,LHip,372,302,0
84,LKnee,372,412,0
84,LAnkle,403,549,0
84,REye,341,219,0
85,Nose,310,137,0
85,Neck,341,219,0
85,RShoulder,279,247,0
85,RElbow,248,329,0
85,RWrist,248,384,0
85,LShoulder,372,247,0
85,LElbow,403,302,0
85,LWrist,403,357,0
85,RHip,310,357,0
85,RKnee,279,439,0
85,RAnkle,279,549,0
85,LHip,372,357,0
85,LKnee,403,412,0
85,LAnkle,372,412,0
85,REye,341,302,0
86,Nose,310,164,0
86,Neck,341,247,0
86,RShoulder,279,274,0
86,RElbow,248,357,0
86,RWrist,279,384,0
86,LShoulder,403,274,0
86,LElbow,403,357,0
86,LWrist,372,357,0
86,RHip,310,412,0
86,RKnee,279,467,0
86,RAnkle,310,577,0
86,LHip,372,412,0
86,LKnee,372,467,0
86,LAnkle,403,577,0
86,REye,341,329,0
87,Nose,310,192,0
87,Neck,341,274,0
87,RShoulder,279,302,0
87,RElbow,279,384,0
87,RWrist,310,329,0
87,LShoulder,372,302,0
87,LElbow,403,384,0
87,LWrist,341,329,0
87,RHip,310,412,0
87,RKnee,279,467,0
87,RAnkle,279,549,0
87,LHip,372,412,0
87,LKnee,372,467,0
87,LAnkle,372,522,0
87,REye,341,357,0
88,Nose,310,164,0
88,Neck,341,247,0
88,RShoulder,279,274,0
88,RElbow,248,357,0
88,RWrist,310,357,0
88,LShoulder,403,274,0
88,LElbow,403,357,0
88,LWrist,341,357,0
88,RHip,310,384,0
88,RKnee,279,467,0
88,RAnkle,279,549,0
88,LHip,372,384,0
88,LKnee,372,467,0
88,LAnkle,372,522,0
88,REye,341,329,0
89,Nose,341,137,0
89,Neck,341,219,0
89,RShoulder,279,247,0
89,RElbow,248,329,0
89,RWrist,279,384,0
89,LShoulder,403,247,0
89,LElbow,403,329,0
89,LWrist,372,384,0
89,RHip,310,357,0
89,RKnee,310,439,0
89,RAnkle,310,439,0
89,LHip,372,357,0
89,LKnee,372,439,0
89,LAnkle,372,494,0
89,REye,341,302,0
90,Nose,310,54,0
90,Neck,341,137,0
90,RShoulder,279,164,0
90,RElbow,248,247,0
90,RWrist,248,329,0
90,LShoulder,403,192,0
90,LElbow,434,274,0
90,LWrist,434,329,0
90,RHip,310,329,0
90,RKnee,279,439,0
90,RAnkle,279,549,0
90,LHip,372,329,0
90,LKnee,372,439,0
90,LAnkle,403,522,0
90,REye,341,247,0
91,Nose,341,27,0
91,Neck,341,109,0
91,RShoulder,279,137,0
91,RElbow,248,219,0
91,RWrist,248,274,0
91,LShoulder,403,137,0
91,LElbow,434,192,0
91,LWrist,434,274,0
91,RHip,279,274,0
91,RKnee,279,384,0
91,RAnkle,279,522,0
91,LHip,372,274,0
91,LKnee,372,384,0
91,LAnkle,403,494,0
91,REye,341,192,0
92,Nose,341,0,0
92,Neck,341,54,0
92,RShoulder,279,82,0
92,RElbow,248,137,0
92,RWrist,248,192,0
92,LShoulder,403,82,0
92,LElbow,434,164,0
92,LWrist,403,219,0
92,RHip,310,219,0
92,RKnee,279,357,0
92,RAnkle,279,494,0
92,LHip,372,219,0
92,LKnee,372,357,0
92,LAnkle,403,494,0
92,REye,341,164,0
93,Nose,310,0,0
93,Neck,341,82,0
93,RShoulder,279,82,0
93,RElbow,248,137,0
93,RWrist,217,192,0
93,LShoulder,403,82,0
93,LElbow,434,164,0
93,LWrist,403,192,0
93,RHip,310,247,0
93,RKnee,279,357,0
93,RAnkle,279,494,0
93,LHip,372,247,0
93,LKnee,372,357,0
93,LAnkle,403,494,0
93,REye,341,164,0
94,Nose,341,0,0
94,Neck,341,82,0
94,RShoulder,279,137,0
94,RElbow,248,192,0
94,RWrist,217,247,0
94,LShoulder,403,109,0
94,LElbow,434,219,0
94,LWrist,434,274,0
94,RHip,279,274,0
94,RKnee,279,412,0
94,RAnkle,279,522,0
94,LHip,372,274,0
94,LKnee,372,412,0
94,LAnkle,403,522,0
94,REye,341,192,0
95,Nose,310,82,0
95,Neck,341,164,0
95,RShoulder,279,192,0
95,RElbow,248,274,0
95,RWrist,217,329,0
95,LShoulder,403,192,0
95,LElbow,434,247,0
95,LWrist,434,329,0
95,RHip,310,329,0
95,RKnee,279,439,0
95,RAnkle,279,549,0
95,LHip,372,329,0
95,LKnee,372,439,0
95,LAnkle,372,549,0
95,REye,341,247,0
96,Nose,341,137,0
96,Neck,341,219,0
96,RShoulder,279,274,0
96,RElbow,248,329,0
96,RWrist,279,357,0
96,LShoulder,372,274,0
96,LElbow,403,329,0
96,LWrist,372,357,0
96,RHip,310,412,0
96,RKnee,279,439,0
96,RAnkle,0,0,0
96,LHip,372,412,0
96,LKnee,372,439,0
96,LAnkle,0,0,0
96,REye,341,329,0
97,Nose,0,0,0
97,Neck,0,0,0
97,RShoulder,0,0,0
97,RElbow,0,0,0
97,RWrist,0,0,0
97,LShoulder,0,0,0
97,LElbow,0,0,0
97,LWrist,0,0,0
97,RHip,0,0,0
97,RKnee,0,0,0
97,RAnkle,0,0,0
97,LHip,0,0,0
97,LKnee,0,0,0
97,LAnkle,0,0,0
97,REye,0,0,0
98,Nose,310,219,0
98,Neck,341,302,0
98,RShoulder,279,302,0
98,RElbow,279,384,0
98,RWrist,310,329,0
98,LShoulder,372,302,0
98,LElbow,403,384,0
98,LWrist,341,329,0
98,RHip,310,412,0
98,RKnee,279,467,0
98,RAnkle,279,549,0
98,LHip,372,412,0
98,LKnee,372,467,0
98,LAnkle,372,549,0
98,REye,341,357,0
99,Nose,310,192,0
99,Neck,341,274,0
99,RShoulder,279,274,0
99,RElbow,248,357,0
99,RWrist,310,384,0
99,LShoulder,372,274,0
99,LElbow,403,357,0
99,LWrist,372,357,0
99,RHip,310,412,0
99,RKnee,279,467,0
99,RAnkle,279,549,0
99,LHip,372,384,0
99,LKnee,372,467,0
99,LAnkle,372,522,0
99,REye,341,329,0
100,Nose,341,164,0
100,Neck,341,247,0
100,RShoulder,279,274,0
100,RElbow,248,329,0
100,RWrist,279,384,0
100,LShoulder,403,274,0
100,LElbow,403,329,0
100,LWrist,372,412,0
100,RHip,310,357,0
100,RKnee,279,439,0
100,RAnkle,279,549,0
100,LHip,372,357,0
100,LKnee,372,412,0
100,LAnkle,372,467,0
100,REye,341,302,0
101,Nose,310,82,0
101,Neck,341,164,0
101,RShoulder,279,192,0
101,RElbow,248,274,0
101,RWrist,217,357,0
101,LShoulder,403,192,0
101,LElbow,403,274,0
101,LWrist,434,357,0
101,RHip,310,329,0
101,RKnee,279,439,0
101,RAnkle,279,549,0
101,LHip,372,329,0
101,LKnee,372,439,0
101,LAnkle,372,522,0
101,REye,341,274,0
102,Nose,310,27,0
102,Neck,341,109,0
102,RShoulder,279,137,0
102,RElbow,248,192,0
102,RWrist,217,247,0
102,LShoulder,403,137,0
102,LElbow,434,219,0
102,LWrist,434,274,0
102,RHip,310,274,0
102,RKnee,279,329,0
102,RAnkle,279,439,0
102,LHip,372,274,0
102,LKnee,372,357,0
102,LAnkle,372,439,0
102,REye,341,192,0
103,Nose,310,0,0
103,Neck,341,82,0
103,RShoulder,279,82,0
103,RElbow,248,137,0
103,RWrist,248,192,0
103,LShoulder,403,82,0
103,LElbow,434,192,0
103,LWrist,403,164,0
103,RHip,310,219,0
103,RKnee,279,329,0
103,RAnkle,279,412,0
103,LHip,372,219,0
103,LKnee,372,329,0
103,LAnkle,403,412,0
103,REye,341,164,0
104,Nose,0,0,0
104,Neck,341,54,0
104,RShoulder,310,54,0
104,RElbow,310,109,0
104,RWrist,279,137,0
104,LShoulder,372,54,0
104,LElbow,403,137,0
104,LWrist,0,0,0
104,RHip,341,192,0
104,RKnee,0,0,0
104,RAnkle,0,0,0
104,LHip,341,219,0
104,LKnee,0,0,0
104,LAnkle,0,0,0
104,REye,341,137,0
105,Nose,341,0,0
105,Neck,341,82,0
105,RShoulder,279,109,0
105,RElbow,248,164,0
105,RWrist,248,164,0
105,LShoulder,403,82,0
105,LElbow,434,137,0
105,LWrist,465,192,0
105,RHip,279,247,0
105,RKnee,279,384,0
105,RAnkle,279,494,0
105,LHip,372,247,0
105,LKnee,372,384,0
105,LAnkle,372,522,0
105,REye,341,164,0
106,Nose,341,27,0
106,Neck,341,109,0
106,RShoulder,279,137,0
106,RElbow,248,192,0
106,RWrist,248,192,0
106,LShoulder,403,137,0
106,LElbow,465,219,0
106,LWrist,465,302,0
106,RHip,279,274,0
106,RKnee,279,412,0
106,RAnkle,279,522,0
106,LHip,341,274,0
106,LKnee,372,412,0
106,LAnkle,372,522,0
106,REye,310,192,0
107,Nose,310,54,0
107,Neck,310,137,0
107,RShoulder,248,164,0
107,RElbow,248,247,0
107,RWrist,248,302,0
107,LShoulder,372,164,0
107,LElbow,403,247,0
107,LWrist,434,302,0
107,RHip,279,302,0
107,RKnee,279,439,0
107,RAnkle,279,522,0
107,LHip,341,302,0
107,LKnee,372,439,0
107,LAnkle,372,549,0
107,REye,310,219,0
108,Nose,310,54,0
108,Neck,310,137,0
108,RShoulder,248,164,0
108,RElbow,248,219,0
108,RWrist,248,302,0
108,LShoulder,372,137,0
108,LElbow,403,219,0
108,LWrist,403,274,0
108,RHip,279,274,0
108,RKnee,279,412,0
108,RAnkle,279,522,0
108,LHip,341,274,0
108,LKnee,341,384,0
108,LAnkle,372,522,0
108,REye,310,219,0
109,Nose,310,27,0
109,Neck,310,137,0
109,RShoulder,248,137,0
109,RElbow,248,192,0
109,RWrist,279,247,0
109,LShoulder,372,137,0
109,LElbow,372,219,0
109,LWrist,341,247,0
109,RHip,279,274,0
109,RKnee,279,412,0
109,RAnkle,279,522,0
109,LHip,341,302,0
109,LKnee,341,384,0
109,LAnkle,372,522,0
109,REye,310,219,0
110,Nose,310,27,0
110,Neck,310,109,0
110,RShoulder,248,137,0
110,RElbow,217,192,0
110,RWrist,279,192,0
110,LShoulder,341,137,0
110,LElbow,372,192,0
110,LWrist,341,219,0
110,RHip,248,274,0
110,RKnee,248,384,0
110,RAnkle,279,494,0
110,LHip,310,274,0
110,LKnee,341,384,0
110,LAnkle,341,522,0
110,REye,279,192,0
111,Nose,310,27,0
111,Neck,310,109,0
111,RShoulder,248,137,0
111,RElbow,217,219,0
111,RWrist,279,192,0
111,LShoulder,341,137,0
111,LElbow,372,219,0
111,LWrist,341,192,0
111,RHip,248,274,0
111,RKnee,248,384,0
111,RAnkle,279,522,0
111,LHip,310,274,0
111,LKnee,341,384,0
111,LAnkle,310,522,0
111,REye,279,192,0
112,Nose,279,27,0
112,Neck,279,109,0
112,RShoulder,248,137,0
112,RElbow,217,192,0
112,RWrist,248,219,0
112,LShoulder,341,137,0
112,LElbow,372,192,0
112,LWrist,341,219,0
112,RHip,248,274,0
112,RKnee,248,412,0
112,RAnkle,279,549,0
112,LHip,310,302,0
112,LKnee,310,412,0
112,LAnkle,279,549,0
112,REye,279,219,0
113,Nose,279,27,0
113,Neck,279,109,0
113,RShoulder,248,137,0
113,RElbow,217,219,0
113,RWrist,248,247,0
113,LShoulder,341,137,0
113,LElbow,372,219,0
113,LWrist,341,247,0
113,RHip,248,302,0
113,RKnee,248,412,0
113,RAnkle,279,549,0
113,LHip,310,302,0
113,LKnee,310,412,0
113,LAnkle,279,549,0
113,REye,279,219,0
114,Nose,279,27,0
114,Neck,279,109,0
114,RShoulder,248,137,0
114,RElbow,186,192,0
114,RWrist,217,247,0
114,LShoulder,341,137,0
114,LElbow,372,219,0
114,LWrist,341,247,0
114,RHip,248,302,0
114,RKnee,248,439,0
114,RAnkle,279,549,0
114,LHip,310,302,0
114,LKnee,310,439,0
114,LAnkle,279,549,0
114,REye,279,219,0
115,Nose,279,27,0
115,Neck,279,109,0
115,RShoulder,217,137,0
115,RElbow,186,192,0
115,RWrist,217,247,0
115,LShoulder,341,137,0
115,LElbow,372,192,0
115,LWrist,341,247,0
115,RHip,248,274,0
115,RKnee,248,412,0
115,RAnkle,279,522,0
115,LHip,310,274,0
115,LKnee,310,412,0
115,LAnkle,279,549,0
115,REye,279,219,0
116,Nose,310,27,0
116,Neck,279,109,0
116,RShoulder,217,137,0
116,RElbow,186,192,0
116,RWrist,217,247,0
116,LShoulder,341,137,0
116,LElbow,372,192,0
116,LWrist,372,247,0
116,RHip,248,274,0
116,RKnee,248,412,0
116,RAnkle,248,522,0
116,LHip,310,274,0
116,LKnee,310,384,0
116,LAnkle,279,549,0
116,REye,279,192,0
117,Nose,310,27,0
117,Neck,279,109,0
117,RShoulder,217,137,0
117,RElbow,217,192,0
117,RWrist,217,247,0
117,LShoulder,341,137,0
117,LElbow,372,192,0
117,LWrist,372,247,0
117,RHip,248,274,0
117,RKnee,248,384,0
117,RAnkle,279,522,0
117,LHip,310,274,0
117,LKnee,310,384,0
117,LAnkle,279,522,0
117,REye,279,192,0
118,Nose,310,27,0
118,Neck,310,109,0
118,RShoulder,248,109,0
118,RElbow,217,192,0
118,RWrist,217,247,0
118,LShoulder,372,137,0
118,LElbow,372,192,0
118,LWrist,372,219,0
118,RHip,248,247,0
118,RKnee,248,384,0
118,RAnkle,248,522,0
118,LHip,310,247,0
118,LKnee,310,384,0
118,LAnkle,279,549,0
118,REye,310,192,0
119,Nose,310,27,0
119,Neck,310,109,0
119,RShoulder,248,109,0
119,RElbow,217,192,0
119,RWrist,217,247,0
119,LShoulder,372,137,0
119,LElbow,372,192,0
119,LWrist,372,247,0
119,RHip,248,247,0
119,RKnee,248,357,0
119,RAnkle,217,439,0
119,LHip,310,274,0
119,LKnee,310,357,0
119,LAnkle,279,522,0
119,REye,310,192,0
120,Nose,310,27,0
120,Neck,310,109,0
120,RShoulder,248,109,0
120,RElbow,217,164,0
120,RWrist,217,219,0
120,LShoulder,372,137,0
120,LElbow,372,192,0
120,LWrist,372,247,0
120,RHip,279,274,0
120,RKnee,248,384,0
120,RAnkle,248,522,0
120,LHip,310,274,0
120,LKnee,310,384,0
120,LAnkle,279,522,0
120,REye,310,192,0
121,Nose,310,27,0
121,Neck,310,109,0
121,RShoulder,248,137,0
121,RElbow,217,164,0
121,RWrist,217,247,0
121,LShoulder,372,137,0
121,LElbow,372,192,0
121,LWrist,372,247,0
121,RHip,279,274,0
121,RKnee,248,384,0
121,RAnkle,248,522,0
121,LHip,310,274,0
121,LKnee,310,384,0
121,LAnkle,310,522,0
121,REye,310,192,0
122,Nose,310,27,0
122,Neck,310,109,0
122,RShoulder,248,137,0
122,RElbow,217,192,0
122,RWrist,217,247,0
122,LShoulder,372,137,0
122,LElbow,403,192,0
122,LWrist,403,247,0
122,RHip,279,274,0
122,RKnee,248,384,0
122,RAnkle,248,494,0
122,LHip,341,274,0
122,LKnee,310,384,0
122,LAnkle,310,522,0
122,REye,310,192,0
123,Nose,341,27,0
123,Neck,310,109,0
123,RShoulder,248,137,0
123,RElbow,217,192,0
123,RWrist,217,247,0
123,LShoulder,372,137,0
123,LElbow,372,192,0
123,LWrist,403,247,0
123,RHip,279,274,0
123,RKnee,248,412,0
123,RAnkle,248,522,0
123,LHip,310,274,0
123,LKnee,310,412,0
123,LAnkle,279,522,0
123,REye,310,219,0
124,Nose,310,27,0
124,Neck,310,109,0
124,RShoulder,248,137,0
124,RElbow,248,192,0
124,RWrist,248,247,0
124,LShoulder,372,137,0
124,LElbow,372,192,0
124,LWrist,403,247,0
124,RHip,279,274,0
124,RKnee,248,412,0
124,RAnkle,248,522,0
124,LHip,341,274,0
124,LKnee,310,412,0
124,LAnkle,279,522,0
124,REye,310,192,0
125,Nose,341,27,0
125,Neck,310,109,0
125,RShoulder,279,137,0
125,RElbow,248,219,0
125,RWrist,279,247,0
125,LShoulder,372,137,0
125,LElbow,372,192,0
125,LWrist,403,219,0
125,RHip,279,274,0
125,RKnee,248,412,0
125,RAnkle,248,522,0
125,LHip,341,302,0
125,LKnee,310,412,0
125,LAnkle,310,522,0
125,REye,310,219,0
126,Nose,310,27,0
126,Neck,310,109,0
126,RShoulder,279,137,0
126,RElbow,248,192,0
126,RWrist,279,247,0
126,LShoulder,372,137,0
126,LElbow,372,192,0
126,LWrist,372,219,0
126,RHip,279,274,0
126,RKnee,279,412,0
126,RAnkle,248,522,0
126,LHip,341,274,0
126,LKnee,310,412,0
126,LAnkle,310,522,0
126,REye,310,192,0
127,Nose,310,27,0
127,Neck,310,109,0
127,RShoulder,279,137,0
127,RElbow,248,192,0
127,RWrist,279,247,0
127,LShoulder,372,137,0
127,LElbow,372,247,0
127,LWrist,341,247,0
127,RHip,279,274,0
127,RKnee,279,412,0
127,RAnkle,248,522,0
127,LHip,341,302,0
127,LKnee,310,412,0
127,LAnkle,310,522,0
127,REye,310,219,0
128,Nose,310,27,0
128,Neck,310,109,0
128,RShoulder,279,137,0
128,RElbow,248,219,0
128,RWrist,248,302,0
128,LShoulder,372,137,0
128,LElbow,372,219,0
128,LWrist,372,274,0
128,RHip,279,274,0
128,RKnee,279,384,0
128,RAnkle,248,522,0
128,LHip,341,274,0
128,LKnee,310,412,0
128,LAnkle,310,522,0
128,REye,310,192,0
129,Nose,310,27,0
129,Neck,310,109,0
129,RShoulder,248,137,0
129,RElbow,248,219,0
129,RWrist,248,302,0
129,LShoulder,372,137,0
129,LElbow,372,219,0
129,LWrist,372,302,0
129,RHip,279,274,0
129,RKnee,279,412,0
129,RAnkle,248,522,0
129,LHip,341,274,0
129,LKnee,310,412,0
129,LAnkle,310,522,0
129,REye,310,219,0
130,Nose,310,27,0
130,Neck,310,109,0
130,RShoulder,248,137,0
130,RElbow,217,247,0
130,RWrist,217,302,0
130,LShoulder,372,137,0
130,LElbow,372,219,0
130,LWrist,372,302,0
130,RHip,279,274,0
130,RKnee,279,412,0
130,RAnkle,248,522,0
130,LHip,341,274,0
130,LKnee,310,412,0
130,LAnkle,310,522,0
130,REye,310,219,0
131,Nose,310,27,0
131,Neck,310,109,0
131,RShoulder,248,137,0
131,RElbow,217,219,0
131,RWrist,217,302,0
131,LShoulder,372,137,0
131,LElbow,372,219,0
131,LWrist,403,302,0
131,RHip,279,274,0
131,RKnee,279,384,0
131,RAnkle,248,522,0
131,LHip,341,274,0
131,LKnee,310,412,0
131,LAnkle,310,522,0
131,REye,310,219,0
132,Nose,310,27,0
132,Neck,310,109,0
132,RShoulder,248,137,0
132,RElbow,217,219,0
132,RWrist,217,302,0
132,LShoulder,372,137,0
132,LElbow,372,219,0
132,LWrist,403,302,0
132,RHip,279,274,0
132,RKnee,279,412,0
132,RAnkle,248,522,0
132,LHip,341,274,0
132,LKnee,310,412,0
132,LAnkle,310,522,0
132,REye,310,219,0
133,Nose,310,27,0
133,Neck,310,109,0
133,RShoulder,248,137,0
133,RElbow,217,219,0
133,RWrist,217,302,0
133,LShoulder,372,137,0
133,LElbow,372,219,0
133,LWrist,403,302,0
133,RHip,279,274,0
133,RKnee,279,412,0
133,RAnkle,248,522,0
133,LHip,341,274,0
133,LKnee,341,412,0
133,LAnkle,310,522,0
133,REye,310,219,0
134,Nose,310,27,0
134,Neck,310,109,0
134,RShoulder,248,137,0
134,RElbow,248,219,0
134,RWrist,248,274,0
134,LShoulder,372,137,0
134,LElbow,372,219,0
134,LWrist,403,274,0
134,RHip,279,274,0
134,RKnee,279,412,0
134,RAnkle,248,522,0
134,LHip,341,274,0
134,LKnee,310,412,0
134,LAnkle,310,522,0
134,REye,310,219,0
135,Nose,310,27,0
135,Neck,310,109,0
135,RShoulder,279,137,0
135,RElbow,248,219,0
135,RWrist,248,247,0
135,LShoulder,372,137,0
135,LElbow,372,219,0
135,LWrist,403,274,0
135,RHip,279,274,0
135,RKnee,279,412,0
135,RAnkle,248,522,0
135,LHip,341,274,0
135,LKnee,310,412,0
135,LAnkle,310,522,0
135,REye,310,192,0
136,Nose,310,27,0
136,Neck,310,109,0
136,RShoulder,279,137,0
136,RElbow,248,219,0
136,RWrist,248,247,0
136,LShoulder,372,137,0
136,LElbow,372,219,0
136,LWrist,403,274,0
136,RHip,279,274,0
136,RKnee,279,384,0
136,RAnkle,248,522,0
136,LHip,341,302,0
136,LKnee,310,412,0
136,LAnkle,279,549,0
136,REye,310,219,0
137,Nose,310,54,0
137,Neck,310,137,0
137,RShoulder,279,137,0
137,RElbow,217,219,0
137,RWrist,217,274,0
137,LShoulder,372,137,0
137,LElbow,403,219,0
137,LWrist,403,219,0
137,RHip,279,274,0
137,RKnee,279,302,0
137,RAnkle,248,439,0
137,LHip,341,274,0
137,LKnee,341,412,0
137,LAnkle,310,522,0
137,REye,310,219,0
138,Nose,310,0,0
138,Neck,310,109,0
138,RShoulder,248,137,0
138,RElbow,217,219,0
138,RWrist,217,274,0
138,LShoulder,372,109,0
138,LElbow,403,192,0
138,LWrist,403,192,0
138,RHip,279,247,0
138,RKnee,279,302,0
138,RAnkle,248,384,0
138,LHip,341,247,0
138,LKnee,341,329,0
138,LAnkle,310,439,0
138,REye,310,192,0
139,Nose,310,0,0
139,Neck,310,82,0
139,RShoulder,248,137,0
139,RElbow,217,192,0
139,RWrist,186,274,0
139,LShoulder,372,109,0
139,LElbow,403,164,0
139,LWrist,372,192,0
139,RHip,279,247,0
139,RKnee,248,302,0
139,RAnkle,186,412,0
139,LHip,341,274,0
139,LKnee,310,384,0
139,LAnkle,279,494,0
139,REye,310,192,0
140,Nose,310,27,0
140,Neck,310,109,0
140,RShoulder,248,137,0
140,RElbow,217,219,0
140,RWrist,186,274,0
140,LShoulder,372,137,0
140,LElbow,372,192,0
140,LWrist,372,164,0
140,RHip,248,274,0
140,RKnee,217,302,0
140,RAnkle,186,412,0
140,LHip,310,274,0
140,LKnee,279,384,0
140,LAnkle,248,522,0
140,REye,279,192,0
141,Nose,310,27,0
141,Neck,310,109,0
141,RShoulder,248,137,0
141,RElbow,217,219,0
141,RWrist,186,274,0
141,LShoulder,372,137,0
141,LElbow,372,219,0
141,LWrist,372,164,0
141,RHip,248,274,0
141,RKnee,279,384,0
141,RAnkle,248,522,0
141,LHip,310,274,0
141,LKnee,310,384,0
141,LAnkle,248,522,0
141,REye,279,192,0
142,Nose,310,0,0
142,Neck,310,82,0
142,RShoulder,248,137,0
142,RElbow,217,192,0
142,RWrist,217,247,0
142,LShoulder,372,109,0
142,LElbow,372,192,0
142,LWrist,372,219,0
142,RHip,248,247,0
142,RKnee,248,329,0
142,RAnkle,248,467,0
142,LHip,310,247,0
142,LKnee,310,357,0
142,LAnkle,279,439,0
142,REye,279,192,0
143,Nose,310,27,0
143,Neck,310,109,0
143,RShoulder,248,137,0
143,RElbow,217,192,0
143,RWrist,248,219,0
143,LShoulder,341,137,0
143,LElbow,372,219,0
143,LWrist,403,274,0
143,RHip,248,274,0
143,RKnee,248,412,0
143,RAnkle,248,522,0
143,LHip,310,274,0
143,LKnee,310,412,0
143,LAnkle,279,522,0
143,REye,310,192,0
144,Nose,310,27,0
144,Neck,310,109,0
144,RShoulder,248,137,0
144,RElbow,217,219,0
144,RWrist,248,219,0
144,LShoulder,341,164,0
144,LElbow,372,219,0
144,LWrist,403,274,0
144,RHip,248,274,0
144,RKnee,248,412,0
144,RAnkle,248,549,0
144,LHip,310,302,0
144,LKnee,310,412,0
144,LAnkle,279,549,0
144,REye,279,219,0
145,Nose,310,27,0
145,Neck,310,109,0
145,RShoulder,248,137,0
145,RElbow,217,219,0
145,RWrist,217,247,0
145,LShoulder,341,137,0
145,LElbow,372,192,0
145,LWrist,434,247,0
145,RHip,248,274,0
145,RKnee,248,439,0
145,RAnkle,248,577,0
145,LHip,310,302,0
145,LKnee,310,439,0
145,LAnkle,248,549,0
145,REye,279,219,0
146,Nose,279,0,0
146,Neck,279,82,0
146,RShoulder,248,137,0
146,RElbow,217,219,0
146,RWrist,186,274,0
146,LShoulder,341,109,0
146,LElbow,372,192,0
146,LWrist,403,192,0
146,RHip,248,247,0
146,RKnee,279,357,0
146,RAnkle,279,467,0
146,LHip,310,247,0
146,LKnee,279,384,0
146,LAnkle,248,494,0
146,REye,279,192,0
147,Nose,279,0,0
147,Neck,279,82,0
147,RShoulder,248,137,0
147,RElbow,217,219,0
147,RWrist,186,302,0
147,LShoulder,341,137,0
147,LElbow,372,192,0
147,LWrist,372,247,0
147,RHip,248,302,0
147,RKnee,279,412,0
147,RAnkle,248,494,0
147,LHip,310,302,0
147,LKnee,279,412,0
147,LAnkle,248,522,0
147,REye,279,219,0
148,Nose,279,27,0
148,Neck,279,109,0
148,RShoulder,248,164,0
148,RElbow,186,247,0
148,RWrist,186,302,0
148,LShoulder,341,137,0
148,LElbow,372,219,0
148,LWrist,341,192,0
148,RHip,248,274,0
148,RKnee,248,302,0
148,RAnkle,248,412,0
148,LHip,310,274,0
148,LKnee,279,384,0
148,LAnkle,217,522,0
148,REye,279,219,0
149,Nose,279,0,0
149,Neck,279,82,0
149,RShoulder,217,137,0
149,RElbow,217,192,0
149,RWrist,217,247,0
149,LShoulder,341,109,0
149,LElbow,372,192,0
149,LWrist,341,219,0
149,RHip,248,274,0
149,RKnee,248,384,0
149,RAnkle,248,494,0
149,LHip,310,274,0
149,LKnee,279,384,0
149,LAnkle,248,467,0
149,REye,279,192,0
150,Nose,279,0,0
150,Neck,279,82,0
150,RShoulder,217,137,0
150,RElbow,217,192,0
150,RWrist,217,219,0
150,LShoulder,341,109,0
150,LElbow,372,192,0
150,LWrist,372,247,0
150,RHip,248,247,0
150,RKnee,248,357,0
150,RAnkle,248,494,0
150,LHip,310,247,0
150,LKnee,310,384,0
150,LAnkle,279,467,0
150,REye,279,192,0
151,Nose,279,27,0
151,Neck,279,109,0
151,RShoulder,248,137,0
151,RElbow,186,219,0
151,RWrist,248,192,0
151,LShoulder,341,137,0
151,LElbow,372,219,0
151,LWrist,372,274,0
151,RHip,248,274,0
151,RKnee,248,384,0
151,RAnkle,248,522,0
151,LHip,310,274,0
151,LKnee,310,412,0
151,LAnkle,279,522,0
151,REye,279,219,0
152,Nose,279,27,0
152,Neck,279,109,0
152,RShoulder,248,137,0
152,RElbow,217,219,0
152,RWrist,217,219,0
152,LShoulder,341,137,0
152,LElbow,372,219,0
152,LWrist,403,247,0
152,RHip,248,274,0
152,RKnee,248,384,0
152,RAnkle,248,494,0
152,LHip,310,274,0
152,LKnee,310,412,0
152,LAnkle,248,549,0
152,REye,279,219,0
153,Nose,279,0,0
153,Neck,279,82,0
153,RShoulder,248,109,0
153,RElbow,217,192,0
153,RWrist,186,274,0
153,LShoulder,341,109,0
153,LElbow,372,192,0
153,LWrist,372,192,0
153,RHip,248,274,0
153,RKnee,248,384,0
153,RAnkle,248,522,0
153,LHip,310,274,0
153,LKnee,310,412,0
153,LAnkle,248,549,0
153,REye,279,192,0
154,Nose,310,27,0
154,Neck,310,109,0
154,RShoulder,248,137,0
154,RElbow,217,192,0
154,RWrist,186,274,0
154,LShoulder,341,109,0
154,LElbow,372,192,0
154,LWrist,341,137,0
154,RHip,248,274,0
154,RKnee,279,412,0
154,RAnkle,248,522,0
154,LHip,310,274,0
154,LKnee,279,412,0
154,LAnkle,248,522,0
154,REye,279,192,0
155,Nose,279,27,0
155,Neck,310,109,0
155,RShoulder,248,137,0
155,RElbow,217,219,0
155,RWrist,186,302,0
155,LShoulder,341,137,0
155,LElbow,372,192,0
155,LWrist,341,137,0
155,RHip,248,274,0
155,RKnee,217,412,0
155,RAnkle,186,494,0
155,LHip,310,302,0
155,LKnee,279,412,0
155,LAnkle,248,522,0
155,REye,279,219,0
156,Nose,310,27,0
156,Neck,279,109,0
156,RShoulder,248,137,0
156,RElbow,217,219,0
156,RWrist,186,274,0
156,LShoulder,341,137,0
156,LElbow,372,192,0
156,LWrist,372,247,0
156,RHip,248,274,0
156,RKnee,279,412,0
156,RAnkle,248,522,0
156,LHip,310,274,0
156,LKnee,310,384,0
156,LAnkle,248,522,0
156,REye,279,192,0
157,Nose,279,0,0
157,Neck,279,82,0
157,RShoulder,248,109,0
157,RElbow,217,192,0
157,RWrist,248,219,0
157,LShoulder,341,109,0
157,LElbow,372,192,0
157,LWrist,341,219,0
157,RHip,248,274,0
157,RKnee,248,357,0
157,RAnkle,248,522,0
157,LHip,310,274,0
157,LKnee,310,412,0
157,LAnkle,279,494,0
157,REye,279,192,0
158,Nose,310,27,0
158,Neck,279,82,0
158,RShoulder,248,137,0
158,RElbow,217,192,0
158,RWrist,248,192,0
158,LShoulder,341,137,0
158,LElbow,372,192,0
158,LWrist,372,247,0
158,RHip,248,274,0
158,RKnee,248,384,0
158,RAnkle,248,522,0
158,LHip,310,274,0
158,LKnee,310,384,0
158,LAnkle,279,522,0
158,REye,279,192,0
159,Nose,310,27,0
159,Neck,310,109,0
159,RShoulder,248,137,0
159,RElbow,217,219,0
159,RWrist,248,219,0
159,LShoulder,341,137,0
159,LElbow,372,192,0
159,LWrist,403,247,0
159,RHip,248,274,0
159,RKnee,248,384,0
159,RAnkle,248,494,0
159,LHip,310,274,0
159,LKnee,310,412,0
159,LAnkle,279,522,0
159,REye,279,219,0
160,Nose,279,27,0
160,Neck,279,109,0
160,RShoulder,248,137,0
160,RElbow,217,192,0
160,RWrist,217,247,0
160,LShoulder,341,137,0
160,LElbow,372,192,0
160,LWrist,403,247,0
160,RHip,248,274,0
160,RKnee,248,357,0
160,RAnkle,248,467,0
160,LHip,310,274,0
160,LKnee,310,384,0
160,LAnkle,279,494,0
160,REye,279,192,0
161,Nose,279,0,0
161,Neck,279,82,0
161,RShoulder,248,137,0
161,RElbow,217,192,0
161,RWrist,186,274,0
161,LShoulder,341,109,0
161,LElbow,372,192,0
161,LWrist,372,192,0
161,RHip,248,247,0
161,RKnee,248,329,0
161,RAnkle,217,384,0
161,LHip,310,247,0
161,LKnee,310,357,0
161,LAnkle,279,467,0
161,REye,279,192,0
162,Nose,279,27,0
162,Neck,310,109,0
162,RShoulder,248,137,0
162,RElbow,217,219,0
162,RWrist,186,302,0
162,LShoulder,341,137,0
162,LElbow,372,192,0
162,LWrist,372,164,0
162,RHip,248,274,0
162,RKnee,279,412,0
162,RAnkle,248,522,0
162,LHip,310,274,0
162,LKnee,279,412,0
162,LAnkle,248,522,0
162,REye,279,219,0
163,Nose,310,27,0
163,Neck,310,109,0
163,RShoulder,248,137,0
163,RElbow,217,219,0
163,RWrist,186,302,0
163,LShoulder,341,137,0
163,LElbow,372,192,0
163,LWrist,372,164,0
163,RHip,248,274,0
163,RKnee,248,357,0
163,RAnkle,217,439,0
163,LHip,310,274,0
163,LKnee,310,357,0
163,LAnkle,248,494,0
163,REye,279,192,0
164,Nose,310,27,0
164,Neck,310,82,0
164,RShoulder,248,137,0
164,RElbow,217,192,0
164,RWrist,217,274,0
164,LShoulder,372,109,0
164,LElbow,403,192,0
164,LWrist,372,192,0
164,RHip,279,274,0
164,RKnee,279,357,0
164,RAnkle,248,494,0
164,LHip,310,274,0
164,LKnee,310,357,0
164,LAnkle,279,467,0
164,REye,310,192,0
165,Nose,310,27,0
165,Neck,310,109,0
165,RShoulder,248,137,0
165,RElbow,217,219,0
165,RWrist,217,274,0
165,LShoulder,372,137,0
165,LElbow,403,192,0
165,LWrist,372,192,0
165,RHip,279,274,0
165,RKnee,279,412,0
165,RAnkle,279,522,0
165,LHip,341,274,0
165,LKnee,310,384,0
165,LAnkle,279,494,0
165,REye,310,192,0
166,Nose,310,54,0
166,Neck,310,109,0
166,RShoulder,248,164,0
166,RElbow,217,247,0
166,RWrist,217,302,0
166,LShoulder,372,164,0
166,LElbow,403,219,0
166,LWrist,372,247,0
166,RHip,279,302,0
166,RKnee,279,439,0
166,RAnkle,279,549,0
166,LHip,341,302,0
166,LKnee,341,439,0
166,LAnkle,310,522,0
166,REye,310,219,0
167,Nose,310,27,0
167,Neck,310,109,0
167,RShoulder,248,164,0
167,RElbow,248,219,0
167,RWrist,217,274,0
167,LShoulder,372,137,0
167,LElbow,403,219,0
167,LWrist,372,247,0
167,RHip,279,302,0
167,RKnee,279,412,0
167,RAnkle,279,549,0
167,LHip,341,302,0
167,LKnee,372,384,0
167,LAnkle,341,467,0
167,REye,310,219,0
168,Nose,310,27,0
168,Neck,310,109,0
168,RShoulder,248,137,0
168,RElbow,248,219,0
168,RWrist,248,247,0
168,LShoulder,372,137,0
168,LElbow,403,192,0
168,LWrist,403,247,0
168,RHip,279,274,0
168,RKnee,279,412,0
168,RAnkle,310,522,0
168,LHip,341,274,0
168,LKnee,372,384,0
168,LAnkle,403,494,0
168,REye,310,192,0
169,Nose,310,27,0
169,Neck,341,109,0
169,RShoulder,279,137,0
169,RElbow,279,219,0
169,RWrist,341,219,0
169,LShoulder,372,137,0
169,LElbow,403,192,0
169,LWrist,372,219,0
169,RHip,310,302,0
169,RKnee,341,412,0
169,RAnkle,372,549,0
169,LHip,372,274,0
169,LKnee,403,412,0
169,LAnkle,403,549,0
169,REye,341,219,0
170,Nose,341,54,0
170,Neck,341,109,0
170,RShoulder,279,164,0
170,RElbow,279,247,0
170,RWrist,279,302,0
170,LShoulder,403,137,0
170,LElbow,434,219,0
170,LWrist,403,247,0
170,RHip,341,302,0
170,RKnee,341,412,0
170,RAnkle,372,522,0
170,LHip,372,274,0
170,LKnee,372,384,0
170,LAnkle,403,522,0
170,REye,341,219,0
171,Nose,341,27,0
171,Neck,341,109,0
171,RShoulder,279,164,0
171,RElbow,279,219,0
171,RWrist,279,274,0
171,LShoulder,403,137,0
171,LElbow,434,192,0
171,LWrist,434,247,0
171,RHip,341,274,0
171,RKnee,341,357,0
171,RAnkle,372,522,0
171,LHip,403,274,0
171,LKnee,372,357,0
171,LAnkle,403,467,0
171,REye,372,219,0
172,Nose,341,0,0
172,Neck,341,82,0
172,RShoulder,310,137,0
172,RElbow,279,219,0
172,RWrist,279,192,0
172,LShoulder,403,109,0
172,LElbow,465,192,0
172,LWrist,465,274,0
172,RHip,372,274,0
172,RKnee,372,357,0
172,RAnkle,372,467,0
172,LHip,434,247,0
172,LKnee,465,357,0
172,LAnkle,403,412,0
172,REye,372,192,0
173,Nose,341,27,0
173,Neck,372,109,0
173,RShoulder,310,137,0
173,RElbow,279,192,0
173,RWrist,279,164,0
173,LShoulder,434,137,0
173,LElbow,465,219,0
173,LWrist,496,274,0
173,RHip,372,247,0
173,RKnee,341,329,0
173,RAnkle,403,439,0
173,LHip,403,247,0
173,LKnee,341,329,0
173,LAnkle,372,439,0
173,REye,372,192,0
174,Nose,372,54,0
174,Neck,372,137,0
174,RShoulder,341,164,0
174,RElbow,279,219,0
174,RWrist,279,164,0
174,LShoulder,434,137,0
174,LElbow,465,219,0
174,LWrist,496,302,0
174,RHip,341,274,0
174,RKnee,372,357,0
174,RAnkle,403,522,0
174,LHip,403,274,0
174,LKnee,372,329,0
174,LAnkle,403,439,0
174,REye,372,219,0
175,Nose,372,27,0
175,Neck,372,109,0
175,RShoulder,341,137,0
175,RElbow,310,219,0
175,RWrist,310,247,0
175,LShoulder,434,137,0
175,LElbow,465,192,0
175,LWrist,465,247,0
175,RHip,372,274,0
175,RKnee,372,412,0
175,RAnkle,403,494,0
175,LHip,434,274,0
175,LKnee,372,412,0
175,LAnkle,403,467,0
175,REye,372,192,0
176,Nose,372,27,0
176,Neck,372,109,0
176,RShoulder,341,137,0
176,RElbow,341,219,0
176,RWrist,341,274,0
176,LShoulder,434,137,0
176,LElbow,465,219,0
176,LWrist,434,219,0
176,RHip,341,274,0
176,RKnee,372,357,0
176,RAnkle,403,467,0
176,LHip,403,274,0
176,LKnee,372,357,0
176,LAnkle,403,494,0
176,REye,372,192,0
177,Nose,372,54,0
177,Neck,372,109,0
177,RShoulder,341,164,0
177,RElbow,341,219,0
177,RWrist,372,164,0
177,LShoulder,434,137,0
177,LElbow,434,219,0
177,LWrist,403,164,0
177,RHip,372,302,0
177,RKnee,372,412,0
177,RAnkle,403,522,0
177,LHip,403,302,0
177,LKnee,372,412,0
177,LAnkle,403,522,0
177,REye,372,219,0
178,Nose,372,54,0
178,Neck,372,137,0
178,RShoulder,341,164,0
178,RElbow,341,247,0
178,RWrist,341,302,0
178,LShoulder,434,137,0
178,LElbow,434,192,0
178,LWrist,403,164,0
178,RHip,372,274,0
178,RKnee,403,412,0
178,RAnkle,403,522,0
178,LHip,434,274,0
178,LKnee,372,412,0
178,LAnkle,403,522,0
178,REye,403,219,0
179,Nose,372,27,0
179,Neck,372,109,0
179,RShoulder,341,137,0
179,RElbow,310,219,0
179,RWrist,310,247,0
179,LShoulder,434,137,0
179,LElbow,465,192,0
179,LWrist,403,219,0
179,RHip,372,274,0
179,RKnee,403,384,0
179,RAnkle,434,439,0
179,LHip,434,274,0
179,LKnee,372,384,0
179,LAnkle,403,467,0
179,REye,403,192,0
180,Nose,372,0,0
180,Neck,372,109,0
180,RShoulder,341,137,0
180,RElbow,310,192,0
180,RWrist,279,164,0
180,LShoulder,434,137,0
180,LElbow,465,192,0
180,LWrist,496,274,0
180,RHip,372,274,0
180,RKnee,403,384,0
180,RAnkle,403,494,0
180,LHip,434,274,0
180,LKnee,434,384,0
180,LAnkle,403,439,0
180,REye,403,192,0
181,Nose,372,27,0
181,Neck,372,109,0
181,RShoulder,341,137,0
181,RElbow,310,192,0
181,RWrist,279,164,0
181,LShoulder,434,137,0
181,LElbow,465,219,0
181,LWrist,496,274,0
181,RHip,372,274,0
181,RKnee,403,412,0
181,RAnkle,403,494,0
181,LHip,434,274,0
181,LKnee,434,384,0
181,LAnkle,403,439,0
181,REye,403,219,0
182,Nose,372,27,0
182,Neck,372,109,0
182,RShoulder,341,137,0
182,RElbow,310,192,0
182,RWrist,279,192,0
182,LShoulder,434,137,0
182,LElbow,465,192,0
182,LWrist,465,274,0
182,RHip,372,274,0
182,RKnee,372,384,0
182,RAnkle,403,522,0
182,LHip,403,274,0
182,LKnee,403,357,0
182,LAnkle,403,412,0
182,REye,372,192,0
183,Nose,372,0,0
183,Neck,372,82,0
183,RShoulder,341,137,0
183,RElbow,310,192,0
183,RWrist,279,219,0
183,LShoulder,434,109,0
183,LElbow,465,192,0
183,LWrist,465,219,0
183,RHip,372,274,0
183,RKnee,372,384,0
183,RAnkle,403,494,0
183,LHip,403,274,0
183,LKnee,372,384,0
183,LAnkle,403,494,0
183,REye,372,192,0
184,Nose,372,54,0
184,Neck,372,109,0
184,RShoulder,341,164,0
184,RElbow,341,219,0
184,RWrist,341,247,0
184,LShoulder,434,137,0
184,LElbow,465,192,0
184,LWrist,403,164,0
184,RHip,341,274,0
184,RKnee,372,412,0
184,RAnkle,403,549,0
184,LHip,403,274,0
184,LKnee,403,384,0
184,LAnkle,403,522,0
184,REye,372,219,0
185,Nose,372,54,0
185,Neck,372,137,0
185,RShoulder,341,164,0
185,RElbow,341,219,0
185,RWrist,310,274,0
185,LShoulder,434,137,0
185,LElbow,434,219,0
185,LWrist,403,164,0
185,RHip,341,274,0
185,RKnee,341,412,0
185,RAnkle,403,549,0
185,LHip,403,274,0
185,LKnee,372,384,0
185,LAnkle,403,549,0
185,REye,372,219,0
186,Nose,372,27,0
186,Neck,372,109,0
186,RShoulder,341,137,0
186,RElbow,310,219,0
186,RWrist,310,274,0
186,LShoulder,403,137,0
186,LElbow,465,192,0
186,LWrist,403,164,0
186,RHip,372,274,0
186,RKnee,372,412,0
186,RAnkle,403,522,0
186,LHip,403,274,0
186,LKnee,372,329,0
186,LAnkle,403,549,0
186,REye,372,192,0
187,Nose,372,0,0
187,Neck,372,82,0
187,RShoulder,341,109,0
187,RElbow,310,192,0
187,RWrist,279,164,0
187,LShoulder,403,109,0
187,LElbow,434,192,0
187,LWrist,465,274,0
187,RHip,372,247,0
187,RKnee,372,384,0
187,RAnkle,403,522,0
187,LHip,403,247,0
187,LKnee,434,412,0
187,LAnkle,403,439,0
187,REye,372,192,0
188,Nose,372,27,0
188,Neck,372,109,0
188,RShoulder,310,137,0
188,RElbow,279,192,0
188,RWrist,279,164,0
188,LShoulder,434,137,0
188,LElbow,465,219,0
188,LWrist,465,274,0
188,RHip,341,274,0
188,RKnee,372,384,0
188,RAnkle,403,522,0
188,LHip,403,274,0
188,LKnee,434,384,0
188,LAnkle,403,412,0
188,REye,372,219,0
189,Nose,372,27,0
189,Neck,372,109,0
189,RShoulder,310,137,0
189,RElbow,310,192,0
189,RWrist,279,192,0
189,LShoulder,403,137,0
189,LElbow,465,219,0
189,LWrist,465,274,0
189,RHip,372,274,0
189,RKnee,372,357,0
189,RAnkle,403,522,0
189,LHip,403,247,0
189,LKnee,372,329,0
189,LAnkle,434,412,0
189,REye,372,192,0
190,Nose,372,0,0
190,Neck,372,82,0
190,RShoulder,310,137,0
190,RElbow,310,192,0
190,RWrist,279,247,0
190,LShoulder,403,109,0
190,LElbow,465,192,0
190,LWrist,434,219,0
190,RHip,341,274,0
190,RKnee,372,384,0
190,RAnkle,372,494,0
190,LHip,403,274,0
190,LKnee,372,384,0
190,LAnkle,403,522,0
190,REye,372,192,0
191,Nose,372,0,0
191,Neck,372,82,0
191,RShoulder,310,137,0
191,RElbow,310,192,0
191,RWrist,341,247,0
191,LShoulder,403,109,0
191,LElbow,434,192,0
191,LWrist,372,164,0
191,RHip,341,274,0
191,RKnee,341,384,0
191,RAnkle,372,522,0
191,LHip,403,247,0
191,LKnee,372,357,0
191,LAnkle,403,494,0
191,REye,372,192,0
192,Nose,372,54,0
192,Neck,372,137,0
192,RShoulder,310,164,0
192,RElbow,341,219,0
192,RWrist,341,274,0
192,LShoulder,403,137,0
192,LElbow,434,192,0
192,LWrist,403,137,0
192,RHip,341,302,0
192,RKnee,341,412,0
192,RAnkle,403,577,0
192,LHip,403,302,0
192,LKnee,372,412,0
192,LAnkle,403,549,0
192,REye,372,219,0
193,Nose,341,54,0
193,Neck,372,109,0
193,RShoulder,310,164,0
193,RElbow,341,219,0
193,RWrist,310,302,0
193,LShoulder,403,137,0
193,LElbow,434,192,0
193,LWrist,403,137,0
193,RHip,341,274,0
193,RKnee,341,412,0
193,RAnkle,372,549,0
193,LHip,403,274,0
193,LKnee,372,357,0
193,LAnkle,403,467,0
193,REye,372,219,0
